[
	{
		"selector": "#log-info",
		"text": "For example",
		"link": "pascal.htm#log"
	},{
		"selector": "#ftpdeprecated-info",
		"text": "Please use TMax_FTP object instead.",
		"link": ""
	},{
		"selector": "#interfaceslexisnexis-info",
		"text": "For WiKi article with additional info",
		"link": "http://wiki.maxprocessing.com/mediawiki/index.php?title=LexisNexis"
	},{
		"selector": "#interfacesisoaplusudv-info",
		"text": "Undisclosed driver and vehicle search.",
		"link": ""
	}
]